{
  "model_name": "MLR_STAR_5band",
  "dataset": "dataset_STAR",
  "feature_set": "5band",
  "n_features": 5,
  "features": ["u", "g", "r", "i", "z"],
  "metrics": {
    "r2": 0.013927,
    "adj_r2": 0.013641,
    "rmse": 0.000457,
    "mae": 0.000284,
    "residual_se": 0.00046326,
    "df_residual": 17266,
    "n_train": 17272,
    "t_crit_95": 1.96010139,
    "pi_half_width": 0.00090806
  },
  "coefficients": {
    "b0_intercept": 0.00004526,
    "b1_u": 5.2e-07,
    "b2_g": 0.00005007,
    "b3_r": -8.15e-06,
    "b4_i": -0.00004721,
    "b5_z": -6.66e-06
  },
  "equation": "redshift = 0.00004526 + 0.00000052 * u + 0.00005007 * g - 0.00000815 * r - 0.00004721 * i - 0.00000666 * z"
}
