{
  "model_name": "MLR_clean_5band",
  "dataset": "dataset_clean",
  "feature_set": "5band",
  "n_features": 5,
  "features": ["u", "g", "r", "i", "z"],
  "metrics": {
    "r2": 0.280485,
    "adj_r2": 0.28044,
    "rmse": 0.614654,
    "mae": 0.365877,
    "residual_se": 0.62120989,
    "df_residual": 79987,
    "n_train": 79993,
    "t_crit_95": 1.95999364,
    "pi_half_width": 1.21757505
  },
  "coefficients": {
    "b0_intercept": -2.98275173,
    "b1_u": -0.03310654,
    "b2_g": -0.06756917,
    "b3_r": -0.02255429,
    "b4_i": 0.27305967,
    "b5_z": 0.04894192
  },
  "equation": "redshift = -2.98275173 - 0.03310654 * u - 0.06756917 * g - 0.02255429 * r + 0.27305967 * i + 0.04894192 * z"
}
