{
  "model_name": "MLR_clean_all",
  "dataset": "dataset_clean",
  "feature_set": "all_features",
  "n_features": 13,
  "features": ["alpha", "delta", "u", "g", "r", "i", "z", "run_ID", "cam_col", "field_ID", "plate", "MJD", "fiber_ID"],
  "metrics": {
    "r2": 0.2897,
    "adj_r2": 0.2896,
    "rmse": 0.6102,
    "mae": 0.3624
  },
  "coefficients": {
    "b0_intercept": -4.0914,
    "b1_alpha": 0.0001,
    "b2_delta": 0.0004,
    "b3_u": -0.0274,
    "b4_g": -0.0778,
    "b5_r": -0.0328,
    "b6_i": 0.2592,
    "b7_z": 0.0434,
    "b8_run_ID": -5.51e-06,
    "b9_cam_col": -0.0022,
    "b10_field_ID": 0,
    "b11_plate": 0,
    "b12_MJD": 0,
    "b13_fiber_ID": 0.0001
  },
  "equation": "redshift = -4.09137120 + 0.00008601 * alpha + 0.00035705 * delta - 0.02736269 * u - 0.07783309 * g - 0.03280876 * r + 0.25922288 * i + 0.04338864 * z - 0.00000551 * run_ID - 0.00215491 * cam_col + 0.00003606 * field_ID + 0.00001220 * plate + 0.00003016 * MJD + 0.00005741 * fiber_ID"
}
