{
  "model_name": "MLR_clean_all",
  "dataset": "dataset_clean",
  "feature_set": "all_features",
  "n_features": 13,
  "features": ["alpha", "delta", "u", "g", "r", "i", "z", "run_ID", "cam_col", "field_ID", "plate", "MJD", "fiber_ID"],
  "metrics": {
    "r2": 0.289747,
    "adj_r2": 0.289631,
    "rmse": 0.61024,
    "mae": 0.362378,
    "residual_se": 0.6172298,
    "df_residual": 79979,
    "n_train": 79993,
    "t_crit_95": 1.95999365,
    "pi_half_width": 1.20977405
  },
  "coefficients": {
    "b0_intercept": -4.0913712,
    "b1_alpha": 0.00008601,
    "b2_delta": 0.00035705,
    "b3_u": -0.02736269,
    "b4_g": -0.07783309,
    "b5_r": -0.03280876,
    "b6_i": 0.25922288,
    "b7_z": 0.04338864,
    "b8_run_ID": -5.51e-06,
    "b9_cam_col": -0.00215491,
    "b10_field_ID": 0.00003606,
    "b11_plate": 0.0000122,
    "b12_MJD": 0.00003016,
    "b13_fiber_ID": 0.00005741
  },
  "equation": "redshift = -4.09137120 + 0.00008601 * alpha + 0.00035705 * delta - 0.02736269 * u - 0.07783309 * g - 0.03280876 * r + 0.25922288 * i + 0.04338864 * z - 0.00000551 * run_ID - 0.00215491 * cam_col + 0.00003606 * field_ID + 0.00001220 * plate + 0.00003016 * MJD + 0.00005741 * fiber_ID"
}
