{
  "model_name": "MLR_GALAXY_all",
  "dataset": "dataset_GALAXY",
  "feature_set": "all_features",
  "n_features": 13,
  "features": ["alpha", "delta", "u", "g", "r", "i", "z", "run_ID", "cam_col", "field_ID", "plate", "MJD", "fiber_ID"],
  "metrics": {
    "r2": 0.73846,
    "adj_r2": 0.738389,
    "rmse": 0.13191,
    "mae": 0.081182,
    "residual_se": 0.13567152,
    "df_residual": 47540,
    "n_train": 47554,
    "t_crit_95": 1.96001389,
    "pi_half_width": 0.26592086
  },
  "coefficients": {
    "b0_intercept": -1.14054016,
    "b1_alpha": -0.00004157,
    "b2_delta": -0.00050729,
    "b3_u": -0.00492669,
    "b4_g": 0.02486693,
    "b5_r": 0.13650824,
    "b6_i": -0.0279422,
    "b7_z": -0.0399492,
    "b8_run_ID": -3.24e-06,
    "b9_cam_col": 0.00015817,
    "b10_field_ID": -0.00001497,
    "b11_plate": 0.00002064,
    "b12_MJD": -5.73e-06,
    "b13_fiber_ID": -7.03e-06
  },
  "equation": "redshift = -1.14054016 - 0.00004157 * alpha - 0.00050729 * delta - 0.00492669 * u + 0.02486693 * g + 0.13650824 * r - 0.02794220 * i - 0.03994920 * z - 0.00000324 * run_ID + 0.00015817 * cam_col - 0.00001497 * field_ID + 0.00002064 * plate - 0.00000573 * MJD - 0.00000703 * fiber_ID"
}
