{
  "model_name": "MLR_STAR_5band",
  "dataset": "dataset_STAR",
  "feature_set": "5band",
  "n_features": 5,
  "features": ["u", "g", "r", "i", "z"],
  "metrics": {
    "r2": 0.013927,
    "adj_r2": 0.0136,
    "rmse": 0.000457,
    "mae": 0.0003
  },
  "coefficients": {
    "b0_intercept": 0.00004526,
    "b1_u": 0.00000052,
    "b2_g": 0.00005007,
    "b3_r": -0.00000815,
    "b4_i": -0.00004721,
    "b5_z": -0.00000666
  },
  "equation": "redshift = 0.00004526 + 0.00000052 * u + 0.00005007 * g - 0.00000815 * r - 0.00004721 * i - 0.00000666 * z"
}
