{
  "model_name": "MLR_QSO_5band",
  "dataset": "dataset_QSO",
  "feature_set": "5band",
  "n_features": 5,
  "features": ["u", "g", "r", "i", "z"],
  "metrics": {
    "r2": 0.1641,
    "adj_r2": 0.1638,
    "rmse": 0.8522,
    "mae": 0.6098
  },
  "coefficients": {
    "b0_intercept": -1.6915,
    "b1_u": 0.3977,
    "b2_g": -0.4731,
    "b3_r": -0.0126,
    "b4_i": 0.1827,
    "b5_z": 0.0626
  },
  "equation": "redshift = -1.69147570 + 0.39766899 * u - 0.47306504 * g - 0.01261162 * r + 0.18274094 * i + 0.06259926 * z"
}
