{
  "model_name": "MLR_QSO_5band",
  "dataset": "dataset_QSO",
  "feature_set": "5band",
  "n_features": 5,
  "features": ["u", "g", "r", "i", "z"],
  "metrics": {
    "r2": 0.164056,
    "adj_r2": 0.16378,
    "rmse": 0.852201,
    "mae": 0.609822,
    "residual_se": 0.83422753,
    "df_residual": 15160,
    "n_train": 15166,
    "t_crit_95": 1.96012048,
    "pi_half_width": 1.63524037
  },
  "coefficients": {
    "b0_intercept": -1.6914757,
    "b1_u": 0.39766899,
    "b2_g": -0.47306504,
    "b3_r": -0.01261162,
    "b4_i": 0.18274094,
    "b5_z": 0.06259926
  },
  "equation": "redshift = -1.69147570 + 0.39766899 * u - 0.47306504 * g - 0.01261162 * r + 0.18274094 * i + 0.06259926 * z"
}
