{
  "model_name": "MLR_QSO_all",
  "dataset": "dataset_QSO",
  "feature_set": "all_features",
  "n_features": 13,
  "features": ["alpha", "delta", "u", "g", "r", "i", "z", "run_ID", "cam_col", "field_ID", "plate", "MJD", "fiber_ID"],
  "metrics": {
    "r2": 0.172653,
    "adj_r2": 0.171943,
    "rmse": 0.85208,
    "mae": 0.608376,
    "residual_se": 0.83014578,
    "df_residual": 15152,
    "n_train": 15166,
    "t_crit_95": 1.96012056,
    "pi_half_width": 1.62723945
  },
  "coefficients": {
    "b0_intercept": -10.7386093,
    "b1_alpha": 0.00002107,
    "b2_delta": -0.00135465,
    "b3_u": 0.38055986,
    "b4_g": -0.45130573,
    "b5_r": -0.01809806,
    "b6_i": 0.16145788,
    "b7_z": 0.07073497,
    "b8_run_ID": -0.0000166,
    "b9_cam_col": 0.00349287,
    "b10_field_ID": 8.94e-06,
    "b11_plate": -0.00009864,
    "b12_MJD": 0.00017767,
    "b13_fiber_ID": 0.0001271
  },
  "equation": "redshift = -10.73860930 + 0.00002107 * alpha - 0.00135465 * delta + 0.38055986 * u - 0.45130573 * g - 0.01809806 * r + 0.16145788 * i + 0.07073497 * z - 0.00001660 * run_ID + 0.00349287 * cam_col + 0.00000894 * field_ID - 0.00009864 * plate + 0.00017767 * MJD + 0.00012710 * fiber_ID"
}
